"","type","sd"
"1","New wave",0.352254181469593
"2","Rock",0.23345642409846
"3","Classical",0.232055677976041
