"","type","mean"
"1","Classical",0.319240595153989
"2","New wave",0.293101872363056
"3","Rock",0.286369275454233
